Name,Channel,Category,Year,URL
Rwanda goes electric with locally made motorbikes,Business,News,2021,https://www.bbc.co.uk/news/business-58820548
Waterloo Road: Series 4: Episode 19,BBC One,Programmes,2009,https://www.bbc.co.uk/programmes/b00kfsx2
The Compass: One Hundred Years of Exile: Who is a refugee?,BBC World Service,Programmes,2021,https://www.bbc.co.uk/programmes/w3ct2z3d
The Compass: One Hundred Years of Exile,BBC World Service,Programmes,2021,https://www.bbc.co.uk/programmes/w27vqfd8
All Watched Over by Machines of Loving Grace: The Monkey in the Machine and the Machine in the Monkey,BBC Two,Programmes,2011,https://www.bbc.co.uk/programmes/b011x721
One Zoo Three: Series 1: The Birthday,CBBC,Programmes,2020,https://www.bbc.co.uk/programmes/m000n1cr
Rwanda genocide 'kingpin' ThÃ©oneste Bagosora dies in prison,Africa,News,2021,https://www.bbc.co.uk/news/world-africa-58695094
Arrest made in Rwanda over volleyball scandal,Sport Africa,Sport,2021,https://www.bbc.co.uk/sport/africa/58636929
"Focus on Africa: ""Hotel Rwanda"" hero convicted",BBC World Service,Programmes,2021,https://www.bbc.co.uk/programmes/w172xwp41fn8zqv
Newshour: Hotel Rwandaâs Paul Rusesabagina convicted of terrorism,BBC World Service,Programmes,2021,https://www.bbc.co.uk/programmes/w172xv59q2dqd11
Weekend: Senior Serb politician confirms to BBC that he intends to create Serb army,BBC World Service,Programmes,2021,https://www.bbc.co.uk/programmes/w172xythn2z8rn0
Hotel Rwanda hero Paul Rusesabagina convicted on terror charges,Africa,News,2021,https://www.bbc.co.uk/news/world-africa-58624691
Paul Rusesabagina: From Hotel Rwanda hero to convicted terrorist,Africa,News,2021,https://www.bbc.co.uk/news/world-africa-58604468
Women's African Volleyball: Cameroon retain title as Rwanda disqualified,Sport Africa,Sport,2021,https://www.bbc.co.uk/sport/africa/58623340
Global News Podcast: Hotel Rwanda hero convicted on terror charges,BBC World Service,Programmes,2021,https://www.bbc.co.uk/programmes/p09whyvc
UCI Road World Championships: Rwanda selected as first African hosts in 2025,Cycling,Sport,2021,https://www.bbc.co.uk/sport/cycling/58664176
Africa Daily: Why is a Hollywood hero on trial in Rwanda?,BBC World Service,Programmes,2021,https://www.bbc.co.uk/programmes/p09wby0g
Africa 360 with...: Mike Kayihura from Rwanda,BBC Radio 1Xtra,Programmes,2021,https://www.bbc.co.uk/programmes/m000ym6t
Mozambique insurgency: Rwanda leads the fightback,Africa,News,2021,https://www.bbc.co.uk/news/world-africa-58079510
Mozambique insurgency: Key port retaken from insurgents - Rwanda,Africa,News,2021,https://www.bbc.co.uk/news/world-africa-58138507
Africa Daily: Why is Rwanda fighting foreign wars?,BBC World Service,Programmes,2021,https://www.bbc.co.uk/programmes/p09qyb4h
Newshour: Can the Pope's climate message make a difference?,BBC World Service,Programmes,2021,https://www.bbc.co.uk/programmes/w172xv5cjf00kxj
The Fifth Floor: Hotel Rwanda hero on trial,BBC World Service,Programmes,2021,https://www.bbc.co.uk/programmes/p09mk8zs
The Fifth Floor: Hotel Rwanda hero on trial,BBC World Service,Programmes,2021,https://www.bbc.co.uk/programmes/w3ct20f2
World Questions: Climate change: Southern hemisphere,BBC World Service,Programmes,2021,https://www.bbc.co.uk/programmes/w3ct1wfm
Newshour: France asks Rwanda for forgiveness over genocide,BBC World Service,Programmes,2021,https://www.bbc.co.uk/programmes/w172xv53jj1rkf2
Africa Today: Macron asks Rwanda to forgive France over genocide,BBC World Service,Programmes,2021,https://www.bbc.co.uk/programmes/p09jv223
Focus on Africa: Macron visits Rwanda to mend diplomatic relations,BBC World Service,Programmes,2021,https://www.bbc.co.uk/programmes/w172xwnxvw99p4c
Macron asks Rwanda to forgive France over 1994 genocide role,Europe,News,2021,https://www.bbc.co.uk/news/world-europe-57270099
Jean de Dieu Bagirishya: Rwandan volleyball official jailed for forgery,Sport Africa,Sport,2021,https://www.bbc.co.uk/sport/africa/58896495
HPV vaccine: How it protects against cervical cancer and who can get it,Health,News,2021,https://www.bbc.co.uk/news/health-59162930
Rwanda will play a 'modest' role to help ensure the Olympics go ahead,Sport Africa,Sport,2021,https://www.bbc.co.uk/sport/africa/57356461
COP26: What African climate experts want you to know,Africa,News,2021,https://www.bbc.co.uk/news/world-africa-58982118
From Our Own Correspondent: Rwanda and the opposition,BBC World Service,Programmes,2021,https://www.bbc.co.uk/programmes/w3ct1mtm
Global News Podcast: Macron asks Rwanda to forgive France over 1994 genocide role,BBC World Service,Programmes,2021,https://www.bbc.co.uk/programmes/p09jsvc0
The Compass: One Hundred Years of Exile: 24/11/2021 GMT,BBC World Service,Programmes,2021,https://www.bbc.co.uk/programmes/w3ct2z3g
"BAL: The NBA-backed Basketball Africa League to tip off in Kigali, Rwanda",Sport Africa,Sport,2021,https://www.bbc.co.uk/sport/av/africa/57119329
Focus on Faith: Rebuilding Faith in Rwanda,BBC World Service,Programmes,1996,https://www.bbc.co.uk/programmes/p03njt6s
Focus on Faith: Rwanda: Life After Genocide,BBC World Service,Programmes,1994,https://www.bbc.co.uk/programmes/p03njsnw
Focus on Faith: Church Targetted in Rwanda,BBC World Service,Programmes,1994,https://www.bbc.co.uk/programmes/p03njsn3
"France was 'blind' to Rwanda genocide, French report says",Europe,News,2021,https://www.bbc.co.uk/news/world-europe-56536659
World Questions: Climate Change - Southern Hemisphere,BBC World Service,Programmes,2021,https://www.bbc.co.uk/programmes/p09yzff2
More or Less: Glasgow Vs Rwanda,BBC World Service,Programmes,2021,https://www.bbc.co.uk/programmes/w3ct0pyn
Focus on Faith: Why the Church Failed Rwanda,BBC World Service,Programmes,1995,https://www.bbc.co.uk/programmes/p03njsyw
Focus on Faith: Dr George Carey Visits Rwanda,BBC World Service,Programmes,1995,https://www.bbc.co.uk/programmes/p03njsyc
The Travel Show: Exploring Rwanda,BBC  World News,Programmes,2021,https://www.bbc.co.uk/programmes/m000rfn4
The Travel Show: Exploring Rwanda,BBC News,Programmes,2021,https://www.bbc.co.uk/programmes/m000r86t
"Coronavirus Global Update: Nigeria, Kenya, Rwanda start vaccine rollout",BBC World Service,Programmes,2021,https://www.bbc.co.uk/programmes/p098tz2p
Africa Daily: Can extra school help students catch up?,BBC World Service,Programmes,2021,https://www.bbc.co.uk/programmes/p09y8lff
"Global News Podcast: France was 'blind' to Rwanda genocide, report says",BBC World Service,Programmes,2021,https://www.bbc.co.uk/programmes/p09bzgyv
The Compass: One Hundred Years of Exile: 17/11/2021 GMT,BBC World Service,Programmes,2021,https://www.bbc.co.uk/programmes/w3ct2z3f
"The Culture Cafe: Landmarks, leotards and looking directly down the lens",BBC Radio Ulster,Programmes,2021,https://www.bbc.co.uk/programmes/m0010fgb
The rise of Turkish investment in Rwanda,Business,News,2021,https://www.bbc.co.uk/news/business-55806760
The Welsh couple who brought rugby to Rwanda,Wales,News,2021,https://www.bbc.co.uk/news/uk-wales-55926628
Hotel Rwanda hero Rusesabagina in court on terrorism charges,Africa,News,2021,https://www.bbc.co.uk/news/world-africa-56082268
More or Less: Behind the Stats: Glasgow vs Rwanda,BBC Radio 4,Programmes,2021,https://www.bbc.co.uk/programmes/p09665pj
Group F: Tuyisenge - 'no easy task' for Rwanda to qualify for Cameroon 2022,Sport Africa,Sport,2021,https://www.bbc.co.uk/sport/africa/56358914
Witness History: Rwanda at the Paralympics,BBC World Service,Programmes,2020,https://www.bbc.co.uk/programmes/w3cszmn4
Algeria women footballers 'powerless' in Sudan after coup delays return home,Sport Africa,Sport,2021,https://www.bbc.co.uk/sport/africa/59036986
Focus on Africa: Rwandan government critic sentenced to 25 years,BBC World Service,Programmes,2021,https://www.bbc.co.uk/programmes/w172xwp41fn8r7l
Focus on Africa: Rwanda: Kigali placed in 15-day lockdown,BBC World Service,Programmes,2021,https://www.bbc.co.uk/programmes/w172x1gyhlytn1n
"Edward Adoo: Jamaican Athletes, Rwanda Genocide Survivor and 40 Years of Hip Hop",BBC Three Counties Radio,Programmes,2017,https://www.bbc.co.uk/programmes/p059x174
Project 17: One girl's quest for clean water in Rwanda,Africa,News,2021,https://www.bbc.co.uk/news/world-africa-55683775
From Our Own Correspondent: Reconciliation in Rwanda,BBC World Service,Programmes,2003,https://www.bbc.co.uk/programmes/p03js5kh
Focus on Africa: Hotel Rwanda 'hero' Paul Rusesabagina goes on trial in Kigali,BBC World Service,Programmes,2021,https://www.bbc.co.uk/programmes/w172x1gzyp70wwv
Rwanda bolsters force in CAR as rebels 'held back',Africa,News,2020,https://www.bbc.co.uk/news/world-africa-55394042
Hotel Rwanda 'hero' sues Greek airline for 'aiding kidnap',Africa,News,2020,https://www.bbc.co.uk/news/world-africa-55346781
2022 World Cup: Balogun and Nigeria avenge shock CAR loss,Sport Africa,Sport,2021,https://www.bbc.co.uk/sport/africa/58864892
Women's Africa Cup of Nations: DR Congo eliminated from qualifying,Sport Africa,Sport,2021,https://www.bbc.co.uk/sport/africa/58981051
From Our Own Correspondent: Starting again: The lives of refugees in their new home,BBC World Service,Programmes,2021,https://www.bbc.co.uk/programmes/w3ct1mvg
Fespaco: Pomp and colour as Africaâs biggest film festival starts,Africa,News,2021,https://www.bbc.co.uk/news/world-africa-58945414
Rwanda's clothing spat with the US helps China,Business,News,2020,https://www.bbc.co.uk/news/business-54164397
Africa Today: Rwanda genocide suspect loses extradition appeal,BBC World Service,Programmes,2020,https://www.bbc.co.uk/programmes/p08t08lk
Dominic Raab urged to block new Rwandan diplomat amid human rights concerns,UK Politics,News,2021,https://www.bbc.co.uk/news/uk-politics-58549303
Paul Rusesabagina: Hotel Rwanda film hero arrested,Africa,News,2020,https://www.bbc.co.uk/news/world-africa-53972924
Focus on Africa: Rwanda genocide suspect loses extradition appeal,BBC World Service,Programmes,2020,https://www.bbc.co.uk/programmes/w172x1gpvzftfy0
Paul Rusesabagina: Hotel Rwanda hero charged with terrorism,Africa,News,2020,https://www.bbc.co.uk/news/world-africa-54147759
Global News Podcast: Russia: Gunman kills six people at university in Perm,BBC World Service,Programmes,2021,https://www.bbc.co.uk/programmes/p09wh26q
Swapping cash for online payments in Rwanda,Business,News,2020,https://www.bbc.co.uk/news/business-53715573
Paul Rusesabagina: Hotel Rwanda hero 'abducted in Dubai',Africa,News,2020,https://www.bbc.co.uk/news/world-africa-53978707
100 Years of Exile: How do refugee crises end?,BBC Radio 4,Programmes,2021,https://www.bbc.co.uk/programmes/m0010pvs
Mozambique crisis: Sex-slave freeing Rwandan soldiers greeted as heroes,Africa,News,2021,https://www.bbc.co.uk/news/world-africa-58783030
100 Years of Exile: Who is a refugee?,BBC Radio 4,Programmes,2021,https://www.bbc.co.uk/programmes/m00107vz
FÃ©licien Kabuga: French court backs extradition of Rwanda genocide suspect,Africa,News,2020,https://www.bbc.co.uk/news/world-africa-54340411
Paul Rusesabagina: President denies Hotel Rwanda hero was kidnapped,Africa,News,2020,https://www.bbc.co.uk/news/world-africa-54050510
2022 World Cup: Who needs to do what to reach Africa's play-off places,Sport Africa,Sport,2021,https://www.bbc.co.uk/sport/africa/58887616
Rwandan ex-army officer gunned down in Mozambique,Africa,News,2021,https://www.bbc.co.uk/news/world-africa-58557350
Covid in Scotland: Â£11m of unused PPE shipped to Africa,Scotland,News,2021,https://www.bbc.co.uk/news/uk-scotland-58539105
Mozambique militant attacks: 'So much destruction',Africa,News,2021,https://www.bbc.co.uk/news/world-africa-58671942
Focus on Africa: Hotel Rwanda protagonist arrested on terror charges,BBC World Service,Programmes,2020,https://www.bbc.co.uk/programmes/w172x1gndx5j95q
The Science Hour: Rwandaâs game changing coronavirus test,BBC World Service,Programmes,2020,https://www.bbc.co.uk/programmes/w3cszkwv
Science in Action: Rwandaâs game changing coronavirus test,BBC World Service,Programmes,2020,https://www.bbc.co.uk/programmes/w3cszh0k
Africa Today: Rwandan Court sentences Paul Rusesabagina to 25 years,BBC World Service,Programmes,2021,https://www.bbc.co.uk/programmes/p09whl31
This Is Africa: Mayra Andrade and Yvan Buravan,BBC World Service,Programmes,2021,https://www.bbc.co.uk/programmes/w3ct1pfq
Science in Action: Drug resistant malaria found in East Africa,BBC World Service,Programmes,2021,https://www.bbc.co.uk/programmes/w3ct1l48
Focus on Africa: Rwanda: Paul Rusesabaginaâs daughter on her fatherâs arrest,BBC World Service,Programmes,2020,https://www.bbc.co.uk/programmes/w172x1gns5hkx0l
Focus on Africa: Paul Rusesabagina is convicted of terrorism,BBC World Service,Programmes,2021,https://www.bbc.co.uk/programmes/w172xwp41fn8hrb
Health Check: Faster cheaper Covid testing in Rwanda,BBC World Service,Programmes,2020,https://www.bbc.co.uk/programmes/w3cszcbz
Mozambique militant attacks: 'So much destruction',Africa,News,2021,https://www.bbc.co.uk/news/world-africa-58673329
Assignment: Rwanda Defiant,BBC World Service,Programmes,2001,https://www.bbc.co.uk/programmes/p03ghtd0
Focus on Africa: Guineaâs coup leaders start cross-party talks,BBC World Service,Programmes,2021,https://www.bbc.co.uk/programmes/w172xwp3p5blhjv
In Business: Clean cooking in Rwanda,BBC Radio 4,Programmes,2020,https://www.bbc.co.uk/programmes/m000hpdz
Tunisia beat Cameroon to retain men's African Nations Volleyball title,Sport Africa,Sport,2021,https://www.bbc.co.uk/sport/africa/58556844
Coronavirus: How South Africa and Rwanda are coping without tourists,Africa,News,2020,https://www.bbc.co.uk/news/world-africa-53466356
How football saved Eric Murangwa Eugene from Rwanda's 1994 genocide,Sport Africa,Sport,2020,https://www.bbc.co.uk/sport/africa/53367242
FÃ©licien Kabuga: Captured fugitive denies financing Rwanda's genocide,Africa,News,2020,https://www.bbc.co.uk/news/world-africa-52818598
FÃ©licien Kabuga: Rwanda genocide survivors happy with arrest,Africa,News,2020,https://www.bbc.co.uk/news/world-africa-52696815
FÃ©licien Kabuga: Rwanda genocide suspect arrested in France,Africa,News,2020,https://www.bbc.co.uk/news/world-africa-52690464
Assignment: Rwanda's refugee children,BBC World Service,Programmes,2001,https://www.bbc.co.uk/programmes/p03ghtfj
The Conversation: Message in a mural,BBC World Service,Programmes,2021,https://www.bbc.co.uk/programmes/w3ct1p92
"Kenya, Somalia and Rwanda hit by deadly flooding",Africa,News,2020,https://www.bbc.co.uk/news/world-africa-52571322
"In pictures: The life of Ndakasi, a gorilla who went viral",Africa,News,2021,https://www.bbc.co.uk/news/world-africa-58826986
Augustin Bizimana: Remains of top Rwanda genocide suspect found,Africa,News,2020,https://www.bbc.co.uk/news/world-africa-52770595
2022 World Cup: Nigeria stunned by CAR as Tunisia win again,Sport Africa,Sport,2021,https://www.bbc.co.uk/sport/africa/58835128
Holocaust Memorial Day - Teaching Resources,History,Teach,2021,https://www.bbc.co.uk/teach/teach/holocaust-memorial-day-teaching-resources/zb3r6v4
Newshour: FÃ©licien Kabuga: Rwanda genocide suspect arrested in France,BBC World Service,Programmes,2020,https://www.bbc.co.uk/programmes/w172x2yp122lmss
Rwanda genocide: Treating the trauma 26 years on,In Pictures,News,2020,https://www.bbc.co.uk/news/in-pictures-51047526
Rwanda genocide: How FÃ©licien Kabuga evaded capture for 26 years,Africa,News,2020,https://www.bbc.co.uk/news/world-africa-52758693
Rwanda profile - Media,Africa,News,2011,https://www.bbc.co.uk/news/world-africa-14093244
Rwanda genocide: 'I am a mother - I killed some children's parents',Africa,News,2020,https://www.bbc.co.uk/news/world-africa-52938283
Africa Today: FÃ©licien Kabuga: Rwanda genocide suspect arrested in France,BBC World Service,Programmes,2020,https://www.bbc.co.uk/programmes/p08djt7w
Global Business: Clean cooking in Rwanda,BBC World Service,Programmes,2019,https://www.bbc.co.uk/programmes/w3csy82m
Focus on Africa: Detained Rwandan hip-hop star Jay Polly dies,BBC World Service,Programmes,2021,https://www.bbc.co.uk/programmes/w172xwp2ymq704c
Assignment: Rwanda - kidnap of a journalist,BBC World Service,Programmes,2002,https://www.bbc.co.uk/programmes/p03ghtph
How lake gases are powering homes in Rwanda,Technology,News,2020,https://www.bbc.co.uk/news/technology-51548738
Focus on Africa: Gunman behind deadly Tanzania attack was 'terrorist',BBC World Service,Programmes,2021,https://www.bbc.co.uk/programmes/w172xwp2ymq6rn3
Africa Today: Rwanda and Uganda sign extradition treaty,BBC World Service,Programmes,2020,https://www.bbc.co.uk/programmes/p0848bv7
Focus on Africa: AFCON 2021: Team groups announced in Cameroon,BBC World Service,Programmes,2021,https://www.bbc.co.uk/programmes/w172xwp2732h4lr
Focus on Africa: FÃ©licien Kabuga: Rwanda genocide survivors happy with arrest,BBC World Service,Programmes,2020,https://www.bbc.co.uk/programmes/w172x1ggywfttkw
Jacob 'Ghost' Mulee's fourth stint as Kenya coach ends by mutual consent,Sport Africa,Sport,2021,https://www.bbc.co.uk/sport/africa/58582540
Art of Now: Rwanda's Returnees,BBC Radio 4,Programmes,2019,https://www.bbc.co.uk/programmes/m0008wkx
Focus on Africa: Rwanda extends coronavirus lockdown by two weeks,BBC World Service,Programmes,2020,https://www.bbc.co.uk/programmes/w172x1gdf07nh19
Rwanda cycling boss resigns after abuse accusations,Africa,News,2019,https://www.bbc.co.uk/news/world-africa-50701549
Talking Business Africa: Rwanda,BBC  World News,Programmes,2021,https://www.bbc.co.uk/programmes/n3ct5fzg
The World of Business: Clean Cooking in Rwanda,BBC Radio,Programmes,2019,https://www.bbc.co.uk/programmes/p07yhmfr
Rwanda's flourishing car industry,Business,News,2019,https://www.bbc.co.uk/news/business-48480408
Focus on Africa: Rwanda and Uganda presidents meet at border,BBC World Service,Programmes,2020,https://www.bbc.co.uk/programmes/w172wn38p7qmdc0
Focus on Africa: Uganda and Rwanda move to end tensions,BBC World Service,Programmes,2020,https://www.bbc.co.uk/programmes/w172wn38p7qmmv8
Focus on Africa: Rwanda starts Ebola vaccination campaign,BBC World Service,Programmes,2019,https://www.bbc.co.uk/programmes/w172wn351kkg9n7
Up close with the gorillas of Rwanda,Africa,News,2019,https://www.bbc.co.uk/news/world-africa-50159908
Rwandan President and Arsenal fan Paul Kagame frustrated by defeat,Africa,News,2021,https://www.bbc.co.uk/news/world-africa-58162403
Coronavirus travel advice eased for another 51 countries,UK,News,2021,https://www.bbc.co.uk/news/uk-58848761
Rwanda leads fight against cervical cancer in Africa,Africa,News,2019,https://www.bbc.co.uk/news/world-africa-50262017
Focus on Africa: Rwanda minister resigns after assaulting female guard,BBC World Service,Programmes,2020,https://www.bbc.co.uk/programmes/w172wn37yq32bml
Building Rwanda's art scene,Business,News,2019,https://www.bbc.co.uk/news/business-48110339
The Science Hour: Drug resistant malaria found in East Africa,BBC World Service,Programmes,2021,https://www.bbc.co.uk/programmes/w3ct1yvs
Rhinos taken back to Rwanda,Lingohack,Learning_english,2019,https://www.bbc.co.uk/learning_english/lingohack-48776324
Rhinos taken back to Rwanda,Lingohack,Learning_english,2019,https://www.bbc.co.uk/learning_english/lingohack-48777335
Newshour: Rwanda commemorates genocide,BBC World Service,Programmes,2019,https://www.bbc.co.uk/programmes/w172wq4ls9dypzs
Focus on Africa: Rwanda receives more Libyan refugees,BBC World Service,Programmes,2019,https://www.bbc.co.uk/programmes/w172wn2x1nxpjwz
Business Daily: Can we trust Rwanda's data?,BBC World Service,Programmes,2019,https://www.bbc.co.uk/programmes/w3csy6z1
Newsday: Uganda and Rwanda sign peace deal,BBC World Service,Programmes,2019,https://www.bbc.co.uk/programmes/w172wpkcl84rnt6
Rwanda climate change: Kigali homes built near wetlands are destroyed,Africa,News,2019,https://www.bbc.co.uk/news/world-africa-50813776
Lesley Dolphin: Cycling to Rwanda and Feng Shui Society,BBC Radio Suffolk,Programmes,2012,https://www.bbc.co.uk/programmes/p00r11vn
Newsday: Migrants from Libyan camps arrive in Rwanda,BBC World Service,Programmes,2019,https://www.bbc.co.uk/programmes/w172wpkfdlqr9rh
Focus on Africa: Norway to take in 600 refugees from Rwanda,BBC World Service,Programmes,2020,https://www.bbc.co.uk/programmes/w172wn36hmtw2sd
David Luiz: Arsenal defender on his Rwanda gorilla adventure,Football,Sport,2019,https://www.bbc.co.uk/sport/av/football/50174660
Do you have a right to water?,Water,Learning English v6,2021,https://www.bbc.co.uk/learning_english/water-58984029
Unspeakable,BBC Radio 4,Programmes,2021,https://www.bbc.co.uk/programmes/m000ycwb
Seeking a music star in Rwanda... and finding one,US & Canada,News,2019,https://www.bbc.co.uk/news/world-us-canada-50017559
Rwanda bids to become high-tech hub,Business,News,2019,https://www.bbc.co.uk/news/business-48911746
Rhino release: Endangered animals despatched to Rwanda,Science & Environment,News,2019,https://www.bbc.co.uk/news/science-environment-48691443
How finance can aid Rwanda's development,Business,News,2019,https://www.bbc.co.uk/news/business-48110337
Focus on Africa: Zambia elections: Vote counting is underway,BBC World Service,Programmes,2021,https://www.bbc.co.uk/programmes/w172xwp1vtrz6qp
Rwanda country profile,Africa,News,2018,https://www.bbc.co.uk/news/world-africa-14093238
Rwanda profile - Timeline,Africa,News,2018,https://www.bbc.co.uk/news/world-africa-14093322
From Our Own Correspondent Podcast: Silence Falls in Libya,BBC Radio 4,Programmes,2021,https://www.bbc.co.uk/programmes/p09xkgdm
"Yoweri Museveni on Bobi Wine, Rwanda and being an 'elder'",Africa,News,2019,https://www.bbc.co.uk/news/world-africa-50103118
Rwanda genocide: 100 days of slaughter,Africa,News,2019,https://www.bbc.co.uk/news/world-africa-26875506
Afrobasket: South Sudan's fairytale comes to an end,Sport Africa,Sport,2021,https://www.bbc.co.uk/sport/africa/58408462
"Gregg Schoof, US pastor, arrested in Rwanda for 'illegal' meeting",Africa,News,2019,https://www.bbc.co.uk/news/world-africa-49964776
Assignment: Riding in Rwanda,BBC World Service,Programmes,2021,https://www.bbc.co.uk/programmes/p00w0dkn
From Our Own Correspondent: Silence Falls in Libya,BBC Radio 4,Programmes,2021,https://www.bbc.co.uk/programmes/m00106y2
The Forum: Rwanda: Africaâs Agricultural Success Story?,BBC World Service,Programmes,2013,https://www.bbc.co.uk/programmes/p01mlxjt
Rwanda beer brand Skol says sorry for sexist jokes,Africa,News,2019,https://www.bbc.co.uk/news/world-africa-49406655
Good Morning Jersey: How Jersey Overseas Aid is spent in Rwanda...,BBC Radio Jersey,Programmes,2017,https://www.bbc.co.uk/programmes/p04z3rrj
BBC Gahuza reunited families who had fled Rwanda in 1994,Africa,News,2019,https://www.bbc.co.uk/news/world-africa-49728822
Assignment: Politics in Rwanda,BBC World Service,Programmes,2021,https://www.bbc.co.uk/programmes/p008w7jf
Witness History: Rwanda Genocide,BBC World Service,Programmes,2021,https://www.bbc.co.uk/programmes/p006xzww
Rhino release: Epic journey to freedom in Rwanda,Science & Environment,News,2019,https://www.bbc.co.uk/news/science-environment-48757740
Endangered black rhinos travel from Europe to Rwanda,CBBC Newsround,CBBC Newsround,2019,https://www.bbc.co.uk/newsround/48747533
Iceland misses out on Europe's first female-majority parliament after recount,Europe,News,2021,https://www.bbc.co.uk/news/world-europe-58698490
A goalkeeper who survived the 1994 Rwanda genocide is using football to unite the country.,Sport Africa,Sport,2020,https://www.bbc.co.uk/sport/av/africa/51566935
Newshour: Rwanda reopens DRC Congo border amid Ebola crisis,BBC World Service,Programmes,2019,https://www.bbc.co.uk/programmes/w172wq4syvryhks
Africa Today: Confusion over Rwanda-DRC Ebola border closure,BBC World Service,Programmes,2019,https://www.bbc.co.uk/programmes/p07jjqxd
Rwanda agrees deal to take in hundreds of African migrants,Africa,News,2019,https://www.bbc.co.uk/news/world-africa-49650689
Rwanda genocide: Orphans' search for family continues,Africa,News,2019,https://www.bbc.co.uk/news/world-africa-47786042
Good Morning Jersey: How the Jersey Cow is changing lives in Rwanda...,BBC Radio Jersey,Programmes,2017,https://www.bbc.co.uk/programmes/p04ycrpx
Using drones to deliver blood in Rwanda,Business,News,2019,https://www.bbc.co.uk/news/business-47631709
"'My father, the rapist': Hidden victims of Rwanda's genocide",Africa,News,2019,https://www.bbc.co.uk/news/world-africa-48673713
Ebola crisis: Rwanda reopens border with DR Congo amid outbreak,Africa,News,2019,https://www.bbc.co.uk/news/world-africa-49191715
Focus on Africa: Confusion over Rwanda-DRC Ebola border closure,BBC World Service,Programmes,2019,https://www.bbc.co.uk/programmes/w172wn2s1qg6b4b
Business Daily: Rwanda and Latvia,BBC World Service,Programmes,2021,https://www.bbc.co.uk/programmes/p003jjng
Covid: Shapps hopes travel test changes happen by end of half-term holidays,UK,News,2021,https://www.bbc.co.uk/news/uk-58838682
Heart and Soul: Rwandaâs Muslims 25 years after the genocide,BBC World Service,Programmes,2019,https://www.bbc.co.uk/programmes/w3csz4y3
Rwanda genocide: Country commemorates 25 years after massacre,Africa,News,2019,https://www.bbc.co.uk/news/world-africa-47846060
Diane Rwigara: Rwanda government critic acquitted,Africa,News,2018,https://www.bbc.co.uk/news/world-africa-46471808
Africa Today: Presidents of Uganda and Rwanda agree to end dispute,BBC World Service,Programmes,2019,https://www.bbc.co.uk/programmes/p07l81xl
Rwanda genocide: Macron orders probe of France's role,Europe,News,2019,https://www.bbc.co.uk/news/world-europe-47826841
A History of Hate: Rwanda: The warped solidarity of hate,BBC World Service,Programmes,2019,https://www.bbc.co.uk/programmes/w3csz4pq
UK travel red list cut to just seven countries,UK,News,2021,https://www.bbc.co.uk/news/uk-58833088
Focus on Africa: Rwanda and Uganda sued over border closure,BBC World Service,Programmes,2019,https://www.bbc.co.uk/programmes/w172wn2qln5thz6
BBC OS: Ebola: Rwanda restricts movement across border with DR Congo,BBC World Service,Programmes,2019,https://www.bbc.co.uk/programmes/w172wrvn3r98c46
BBC OS: Ebola: Rwanda restricts movement across border with DR Congo,BBC World Service,Programmes,2019,https://www.bbc.co.uk/programmes/w172wrvn3r987d2
HARDtalk: Paul Kagame - President of Rwanda,BBC World Service,Programmes,2021,https://www.bbc.co.uk/programmes/p00vbzbl
"Unspeakable: Stories, stories, stories",BBC Radio 4,Programmes,2021,https://www.bbc.co.uk/programmes/m000yg53
Focus on Africa: Rwanda reopens part of border with Uganda,BBC World Service,Programmes,2019,https://www.bbc.co.uk/programmes/w172wn2phv7h24p
Rwanda genocide: Habyarimana plane shooting probe dropped,Africa,News,2018,https://www.bbc.co.uk/news/world-africa-46687492
Africa Today: Ethiopia Tigray conflict spreads to neighbouring state,BBC World Service,Programmes,2021,https://www.bbc.co.uk/programmes/p09pw0s8
A History of Hate: Rwanda - The Warped Solidarity of Hate,BBC Radio 4,Programmes,2019,https://www.bbc.co.uk/programmes/m0005mtm
Focus on Africa: Uganda and Rwanda agree to end three-year dispute,BBC World Service,Programmes,2019,https://www.bbc.co.uk/programmes/w172wn2t4jdg3k0
Newsday: Tributes Paid To Rwanda Genocide Hero,BBC World Service,Programmes,2018,https://www.bbc.co.uk/programmes/w172w1fx2smkcbx
"Sunday Supplement: Brexit talks, Newport by-election and Rwanda",BBC Radio Wales,Programmes,2019,https://www.bbc.co.uk/programmes/m00040n9
Rwanda genocide: Nation marks 25 years since mass slaughter,Africa,News,2019,https://www.bbc.co.uk/news/world-africa-47843843
Newsday: 2000 Prisoners Released in Rwanda,BBC World Service,Programmes,2018,http://www.bbc.co.uk/programmes/w172w1fpx7br3v1
Sporting Witness: Rwanda at the Paralympics,BBC World Service,Programmes,2016,https://www.bbc.co.uk/programmes/p0465kjd
Focus on Africa: Tanzania opposition leader arrested,BBC World Service,Programmes,2021,https://www.bbc.co.uk/programmes/w172xwp0s0tfz2z
From Our Own Correspondent: Mali and Rwanda,BBC World Service,Programmes,2021,https://www.bbc.co.uk/programmes/p011pl38
Unspeakable: History,BBC Radio 4,Programmes,2021,https://www.bbc.co.uk/programmes/m000ydxf
World Football: Football in Eritrea and Rwanda,BBC World Service,Programmes,2021,https://www.bbc.co.uk/programmes/p00lt5q5
2022 World Cup: Slimani breaks Algerian record as Egypt edge Libya,Sport Africa,Sport,2021,https://www.bbc.co.uk/sport/africa/58848441
"Melvyn in the Morning: Flying a microlight to Antarctica, Co-Op workers Rwanda charity",BBC Radio Lincolnshire,Programmes,2013,https://www.bbc.co.uk/programmes/p013crhq
Focus on Africa: How spyware software targets activists and journalists in Africa,BBC World Service,Programmes,2021,https://www.bbc.co.uk/programmes/w172xwp0s0tg6l7
Global Business: Rwanda (part 3): Starting Points,BBC World Service,Programmes,2021,https://www.bbc.co.uk/programmes/p006qptl
Global Business: Rwanda (Part 1): African Ambitions,BBC World Service,Programmes,2021,https://www.bbc.co.uk/programmes/p006h6qc
Global News Podcast: Rwanda closes part of the Congolese border over Ebola outbreak,BBC World Service,Programmes,2019,https://www.bbc.co.uk/programmes/p07jhqpb
Free Thinking: Bessie Head.  Rwanda Representation and Reality,BBC Radio 3,Programmes,2018,https://www.bbc.co.uk/programmes/m0001dt8
Africa Today: Diane Rwigara: Rwanda government critic acquitted,BBC World Service,Programmes,2018,http://www.bbc.co.uk/programmes/p06twdxd
Arts & Ideas: Bessie Head. Rwanda Representation and Reality,BBC Radio 3,Programmes,2018,https://www.bbc.co.uk/programmes/p06tqfly
Unspeakable: Identity,BBC Radio 4,Programmes,2021,https://www.bbc.co.uk/programmes/m000ycw9
How the Rwanda-Uganda border crossing came to a halt,Africa,News,2019,https://www.bbc.co.uk/news/world-africa-47495476
Focus on Africa: The DRC and Rwanda to embark on Ebola mass vaccination campaigns,BBC World Service,Programmes,2019,https://www.bbc.co.uk/programmes/w172wn2t4jdcg45
Milutin 'Micho' Sredojevic returns as Uganda coach,Sport Africa,Sport,2021,https://www.bbc.co.uk/sport/africa/57996667
Unspeakable: Tree of Life,BBC Radio 4,Programmes,2021,https://www.bbc.co.uk/programmes/m000yfkn
From Our Own Correspondent: New Zealand and Rwanda,BBC World Service,Programmes,2021,https://www.bbc.co.uk/programmes/p00gty7q
Unspeakable: History is another family member,BBC Radio 4,Programmes,2021,https://www.bbc.co.uk/programmes/m000ydls
Rwanda genocide 25 years on: Why I forgave my children's killer,Africa,News,2019,https://www.bbc.co.uk/news/world-africa-47818070
"Obituary: Rwanda's Zura Karuhimbi, who saved dozens from genocide",Africa,News,2018,https://www.bbc.co.uk/news/world-africa-46618482
Biniam Girmay pedalling fast to continue Eritrea's cycling rise,Sport Africa,Sport,2021,https://www.bbc.co.uk/sport/africa/58718769
Our World: A Good Man in Rwanda,BBC  World News,Programmes,2021,https://www.bbc.co.uk/programmes/n3cstnq9
South Africa protests to Rwanda over Lindiwe Sisulu slur,Africa,News,2018,https://www.bbc.co.uk/news/world-africa-46510282
"The Interview Archive: Paul Kagame, President of Rwanda",BBC World Service,Programmes,2021,https://www.bbc.co.uk/programmes/p004t5p8
Focus on Africa: Diane Rwigara: Rwanda government critic acquitted,BBC World Service,Programmes,2018,https://www.bbc.co.uk/programmes/w172w23wbg4dj0h
Focus on Africa: Diane Rwigara: Rwanda government critic acquitted,BBC World Service,Programmes,2018,https://www.bbc.co.uk/programmes/w172w23wbg4drhr
Business Daily: Why isn't Africa producing vaccines?,BBC World Service,Programmes,2021,https://www.bbc.co.uk/programmes/w3ct1jg2
Focus on Africa: South Africa's army deployed as riots break out over Zuma arrest,BBC World Service,Programmes,2021,https://www.bbc.co.uk/programmes/w172xwp0drhh0ny
Rwanda 'genocide-era' mass graves found,Africa,News,2018,https://www.bbc.co.uk/news/world-africa-43894989
People Fixing The World: How to be a better dad,BBC World Service,Programmes,2020,https://www.bbc.co.uk/programmes/w3csz1px
Digital Planet: How Jersey is leading tech development,BBC World Service,Programmes,2021,https://www.bbc.co.uk/programmes/w3ct1lsc
"Emma Britton: 16/02/2015: Volunteers helping with hospital discharge, Freeview issues in Bridgwater & orchids for Rwanda",BBC Radio Bristol,Programmes,2015,https://www.bbc.co.uk/programmes/p02htvvn
Global Business: Rwanda (Part 2): Strike up the Bandwidth!,BBC World Service,Programmes,2021,https://www.bbc.co.uk/programmes/p006lhjp
Arts & Ideas: Natasha Gordon. Bessie Head. Rwanda Representation and Reality,BBC Radio 3,Programmes,2018,https://www.bbc.co.uk/programmes/p06tqjmm
This Week and Africa: Rwanda Prisoner Executions,BBC World Service,Programmes,1998,https://www.bbc.co.uk/programmes/p03m0d06
Focus on Africa: Ethiopia: Conflict in Tigray region spreads to neighbouring state,BBC World Service,Programmes,2021,https://www.bbc.co.uk/programmes/w172xwp0s0t858s
"Rwanda closes '700 unsafe, noisy churches'",Africa,News,2018,https://www.bbc.co.uk/news/world-africa-43225067
"Victoire Ingabire: Rwanda frees 2,000 people including opposition figure",Africa,News,2018,https://www.bbc.co.uk/news/world-africa-45532922
The Compass: My Perfect Country: My Perfect Country: Rwanda,BBC World Service,Programmes,2018,https://www.bbc.co.uk/programmes/w3cswdhj
"From Our Own Correspondent: Russia, Rwanda, Turkey, Ghana and Italy",BBC World Service,Programmes,2021,https://www.bbc.co.uk/programmes/p011qhpw
Focus on Africa: Racism and football in England,BBC World Service,Programmes,2021,https://www.bbc.co.uk/programmes/w172xwp0drhh856
Business Weekly Archive: Communist China at 60 and digital Rwanda,BBC World Service,Programmes,2021,https://www.bbc.co.uk/programmes/p004ct13
Rwanda bans Kigali mosques from using loudspeakers,Africa,News,2018,http://www.bbc.co.uk/news/world-africa-43413645
Morocco squad escorted out of Guinea after apparent coup,Sport Africa,Sport,2021,https://www.bbc.co.uk/sport/africa/58457903
Afrobasket: Tunisia beat Ivory Coast to successfully defend title,Sport Africa,Sport,2021,https://www.bbc.co.uk/sport/africa/58437764
Rwanda files appeal to Fifa over McKinstry ruling,African,Sport,2018,https://www.bbc.co.uk/sport/football/44041106
Sporting Witness: Rwanda v Uganda: The Match that Made History,BBC World Service,Programmes,2015,https://www.bbc.co.uk/programmes/p02mj969
World Have Your Say: WHYS 60: Chavez victory / Rwanda torture accusations,BBC World Service,Programmes,2021,https://www.bbc.co.uk/programmes/p00ypf1s
"From Our Own Correspondent: Rwanda, DR Congo and the Vatican City",BBC World Service,Programmes,2021,https://www.bbc.co.uk/programmes/p00sh1lc
Drones deliver blood and medical supplies in Rwanda,Technology,News,2018,https://www.bbc.co.uk/news/technology-43886039
Africa Today: Rwanda 'genocide-era' mass graves found,BBC World Service,Programmes,2018,http://www.bbc.co.uk/programmes/p065ccnw
'I can manufacture better doors here in Rwanda',Business,News,2018,https://www.bbc.co.uk/news/business-43672739
Click: Rwanda Drones,BBC  World News,Programmes,2021,https://www.bbc.co.uk/programmes/n3ct0btn
"Covid-19: Quarantine hotels legal action - and did 300,000 break travel rules?",UK,News,2021,https://www.bbc.co.uk/news/uk-58512233
"The Inquiry: How Has Rwanda Saved The Lives Of 590,000 Children?",BBC World Service,Programmes,2015,https://www.bbc.co.uk/programmes/p02pn9c9
Rwanda Seventh-Day Adventist churchgoers killed by lightning,Africa,News,2018,https://www.bbc.co.uk/news/world-africa-43362508
Rwanda church closures: Pastors arrested for defying order,Africa,News,2018,https://www.bbc.co.uk/news/world-africa-43301517
"Gerry Kelly: Rwanda Shaw, Ann Widdecombe",BBC Radio Ulster,Programmes,2017,http://www.bbc.co.uk/programmes/b09421r9
Tech Tent: Bye Bye App - Hello Bot,BBC World Service,Programmes,2016,https://www.bbc.co.uk/programmes/p03qc779
Rwanda offers refuge to enslaved Libya migrants,Africa,News,2017,https://www.bbc.co.uk/news/world-africa-42095629
Rwanda national team: Vincent Mashami named as new coach of Amavubi,African,Sport,2018,https://www.bbc.co.uk/sport/football/45234187
Rwanda's Paul Kagame - visionary or tyrant?,Africa,News,2017,http://www.bbc.co.uk/news/10479882
2022 World Cup: Algeria thrash 10-man Djibouti 8-0 with four goals for Slimani,Sport Africa,Sport,2021,https://www.bbc.co.uk/sport/africa/58422684
Omnibus: Rwanda,BBC World Service,Programmes,2000,https://www.bbc.co.uk/programmes/p0376m2l
Newsday: US appeals for ceasefire in Ethiopia's Tigray region,BBC World Service,Programmes,2021,https://www.bbc.co.uk/programmes/w172xv2n6b7nsx9
Rwanda delays Cecafa women's cup four days before kick-off,African,Sport,2018,https://www.bbc.co.uk/sport/football/44041113
Rwanda genocide: France keeps 1990s archives secret,Europe,News,2017,https://www.bbc.co.uk/news/world-europe-41283362
Rhino kills Hungarian conservationist in Rwanda,Africa,News,2017,https://www.bbc.co.uk/news/world-africa-40201730
Gorillas may âcommunicateâ size through chest beating,Science & Environment,News,2021,https://www.bbc.co.uk/news/science-environment-56678000
The Education Express: Emerging Rwanda,BBC World Service,Programmes,1996,https://www.bbc.co.uk/programmes/p03cgj6m
Rwanda football coach sacked over sex claims wins pay-off,Africa,News,2018,https://www.bbc.co.uk/news/world-africa-43785184
Rwanda beat Ethiopia to qualify for 2018 CHAN,Football,Sport,2017,http://www.bbc.co.uk/sport/football/41962715
